DateTime,Latitude,Longitude,Depth,Magnitude,MagType,NbStations,Gap,Distance,RMS,Source,EventID
2008/01/12 11:51:40.27,38.8342,-119.6562,0.62,3.05,ML,25,97,8,0.10,NCSN,51194455
2008/01/19 17:18:46.47,40.1672,-122.7593,10.99,4.50,Mw,27,37,7,0.32,NCSN,51194914
2008/01/19 18:14:57.11,40.1523,-122.7590,11.95,3.43,ML,23,57,6,0.28,NCSN,51194919
2008/01/19 23:10:15.52,40.1507,-122.7567,11.56,3.42,ML,25,41,6,0.30,NCSN,51194935
2008/01/19 23:13:05.43,40.1777,-122.7037,2.87,4.70,Mw,33,32,4,1.04,NCSN,51194936
2008/01/19 23:36:46.67,40.1410,-122.7658,10.52,3.38,ML,23,42,7,0.26,NCSN,51194944
2008/01/24 05:22:21.82,40.3172,-125.8490,32.00,3.12,Md,27,312,130,0.34,NCSN,51195202
2008/01/24 21:03:45.89,38.8133,-122.8158,2.83,3.21,ML,61,31,1,0.09,NCSN,51195230
2008/01/29 04:05:41.94,40.1755,-121.0185,8.00,3.22,ML,64,80,18,0.20,NCSN,40210287
2008/02/01 04:56:28.42,36.0662,-120.1848,18.01,3.56,ML,76,48,7,0.12,NCSN,40210467
2008/02/03 10:49:18.94,35.5012,-120.7830,4.05,3.07,ML,71,43,10,0.14,NCSN,40210595
2008/02/07 13:31:43.21,37.6390,-122.4858,9.60,3.12,ML,150,85,1,0.13,NCSN,51195984
2008/02/08 06:51:10.82,35.6582,-121.0435,8.27,3.14,ML,77,69,5,0.10,NCSN,51196031
2008/02/22 10:37:52.23,40.6148,-125.5063,25.99,3.17,ML,31,292,100,0.17,NCSN,71100731
2008/02/23 09:23:47.64,41.1877,-127.3478,5.00,3.45,Md,17,316,277,0.34,NCSN,71100826
2008/02/24 05:32:10.27,38.8193,-122.8100,2.99,4.00,Mw,60,41,2,0.08,NCSN,51197011
2008/02/24 13:00:21.64,40.8832,-123.8647,12.00,3.37,ML,9,194,71,0.10,NCSN,71100926
2008/03/10 05:14:27.91,39.3507,-123.2848,7.32,3.70,Mw,55,70,16,0.10,NCSN,51198002
2008/03/10 06:02:35.26,39.3512,-123.2822,6.97,3.07,ML,34,69,16,0.07,NCSN,51198004
2008/03/10 06:04:46.72,37.4110,-118.6010,11.39,3.25,ML,46,68,5,0.07,NCSN,51198005
2008/03/21 01:28:20.74,37.7098,-121.9545,10.82,3.01,ML,124,34,4,0.17,NCSN,51198737
2008/03/23 09:58:23.65,40.4600,-126.5640,6.17,3.32,ML,25,297,189,0.17,NCSN,71105901
2008/03/27 08:01:35.61,37.9308,-121.8030,14.38,3.14,ML,103,87,6,0.22,NCSN,51199149
2008/03/27 21:04:36.39,38.8172,-122.7862,2.03,3.60,Mw,65,39,1,0.07,NCSN,51199197
2008/03/30 02:21:24.51,41.6343,-125.8428,2.39,3.14,Md,23,279,201,0.30,NCSN,71107051
2008/04/01 22:08:55.16,40.4153,-125.4845,24.00,3.52,ML,75,248,98,0.28,NCSN,51199526
2008/04/03 21:59:44.55,40.3507,-124.6745,17.37,3.17,ML,29,237,33,0.08,NCSN,40214530
2008/04/10 14:17:35.00,40.4043,-125.6387,15.00,4.00,Mw,48,252,111,0.33,NCSN,40214944
2008/04/16 07:43:16.72,40.6483,-124.3517,27.95,3.00,ML,14,209,19,0.06,NCSN,40215397
2008/04/21 22:00:53.77,40.7802,-124.2082,21.34,4.20,Mw,16,178,16,0.06,NCSN,40215734
2008/04/23 02:06:54.25,37.9928,-118.6808,5.94,3.28,ML,49,57,4,0.08,NCSN,40215834
2008/04/28 01:23:53.23,37.4008,-118.5197,7.10,3.39,ML,47,52,7,0.07,NCSN,40216466
2008/04/28 01:24:18.68,37.4052,-118.5213,6.28,3.53,ML,37,111,7,0.09,NCSN,71005734
2008/04/29 17:45:16.87,35.4987,-120.7827,4.09,3.60,Mw,78,44,10,0.12,NCSN,40216634
2008/04/30 03:03:06.90,40.8358,-123.4968,29.13,5.40,Mw,33,36,20,0.14,NCSN,40216664
2008/04/30 07:36:56.82,36.8502,-121.5843,6.15,3.15,ML,90,47,3,0.11,NCSN,40216675
2008/05/01 13:28:04.76,38.8310,-122.7933,1.86,3.21,ML,63,24,1,0.08,NCSN,40216760
2008/05/02 08:47:25.33,37.4013,-118.5225,6.90,3.00,ML,45,51,6,0.06,NCSN,40216832
2008/05/10 03:12:04.93,37.3918,-120.0410,19.12,3.03,ML,99,45,19,0.35,NCSN,51202446
2008/05/13 04:07:39.82,40.8052,-125.3407,8.48,4.30,Mw,57,253,92,0.12,NCSN,51202589
2008/05/15 07:55:18.49,35.8380,-120.3895,9.24,3.22,ML,87,33,1,0.09,NCSN,51202717
2008/05/20 23:00:14.10,36.5953,-121.2038,9.11,3.04,ML,68,32,8,0.07,NCSN,51203032
2008/05/30 04:48:36.23,38.7758,-122.7642,1.90,4.10,Mw,65,33,1,0.14,NCSN,40218402
2008/05/31 19:13:19.79,40.3070,-124.4415,9.03,3.01,ML,18,230,13,0.17,NCSN,40218508
2008/06/02 14:57:47.24,37.4967,-118.8397,9.04,3.16,ML,43,69,10,0.05,NCSN,40218598
2008/06/04 02:29:04.15,38.2418,-122.1838,10.31,3.96,Mw,105,97,5,0.23,NCSN,51203773
2008/06/06 08:51:51.70,37.8177,-122.0723,7.94,3.00,ML,120,35,8,0.18,NCSN,51203887
2008/06/06 09:02:53.89,37.8158,-122.0750,7.86,3.50,Mw,167,33,9,0.19,NCSN,51203888
2008/06/09 11:31:35.52,37.8158,-122.0700,8.47,3.13,ML,152,35,8,0.17,NCSN,51204062
2008/06/15 03:00:35.04,36.8818,-121.6253,8.99,3.12,ML,83,55,6,0.09,NCSN,40219230
2008/06/15 05:26:54.23,35.9962,-120.5605,4.05,3.23,ML,85,39,3,0.12,NCSN,40219237
2008/06/17 07:38:32.34,40.4308,-121.9765,12.96,3.40,ML,48,33,16,0.25,NCSN,40219336
2008/06/19 23:57:51.68,36.6810,-121.3087,6.17,3.80,Mw,71,31,4,0.07,NCSN,40219463
2008/06/22 00:23:36.12,36.0760,-120.6395,6.55,3.19,ML,91,26,4,0.11,NCSN,40219568
2008/06/26 05:26:51.38,37.5318,-118.8162,7.32,3.19,ML,44,58,7,0.05,NCSN,40219755
2008/06/28 14:44:10.51,37.5848,-118.8188,11.92,3.90,Mw,45,51,1,0.06,NCSN,40219867
2008/07/01 17:07:05.76,40.4758,-126.6163,5.05,3.55,ML,18,274,222,0.47,NCSN,71129775
2008/07/01 22:07:45.22,40.4427,-126.5405,30.00,3.39,Md,11,297,266,0.22,NCSN,71129830
2008/07/06 20:25:54.49,35.6390,-120.7585,6.32,3.70,Mw,77,24,10,0.09,NCSN,40220309
2008/07/10 23:35:34.66,37.4862,-118.8388,4.85,3.20,Mw,43,72,10,0.04,NCSN,40220501
2008/07/28 05:33:29.26,38.7913,-122.7642,3.00,3.12,ML,63,39,1,0.07,NCSN,40221260
2008/07/28 18:33:22.59,36.6945,-121.3257,4.32,3.16,ML,63,28,2,0.08,NCSN,40221279
2008/07/30 13:39:33.98,40.4252,-125.3337,15.17,4.20,Mw,49,251,85,0.17,NCSN,40221369
2008/08/01 02:30:08.31,40.4430,-125.3268,2.53,3.50,ML,64,242,84,0.18,NCSN,40221427
2008/08/04 20:03:24.49,37.3310,-118.7390,18.34,3.73,ML,45,76,6,0.08,NCSN,40221570
2008/08/07 18:11:38.85,41.4288,-121.7168,3.11,3.40,Mw,27,80,17,0.21,NCSN,40221663
2008/08/16 11:21:57.07,40.4810,-126.6212,5.00,3.22,Md,14,294,238,0.52,NCSN,71142811
2008/08/17 05:56:59.37,41.1885,-124.2160,16.75,4.60,Mw,15,172,17,0.06,NCSN,51207076
2008/08/19 10:59:47.85,37.3882,-118.6778,15.17,3.09,ML,44,67,3,0.08,NCSN,51207152
2008/08/25 21:33:32.87,37.2968,-118.3143,4.52,3.19,ML,38,133,15,0.06,NCSN,51207354
2008/08/28 13:38:03.94,35.8302,-121.3110,10.97,3.63,ML,59,161,9,0.10,NCSN,51207465
2008/09/06 04:00:15.25,37.8620,-122.0075,16.61,4.10,Mw,164,41,1,0.31,NCSN,51207740
2008/09/06 07:47:18.17,40.8913,-123.7422,25.33,3.17,ML,20,70,2,0.15,NCSN,51207750
2008/09/09 12:40:54.67,38.6317,-122.8440,5.61,3.08,ML,81,39,8,0.10,NCSN,51207873
2008/09/12 13:04:04.45,39.3935,-123.2758,11.06,3.60,Mw,71,48,20,0.21,NCSN,51207967
2008/09/13 06:06:24.86,36.6602,-121.2858,7.66,3.01,ML,71,34,1,0.05,NCSN,51208005
2008/09/13 06:42:51.26,36.6610,-121.2877,7.84,3.36,ML,76,39,1,0.06,NCSN,51208009
2008/09/13 20:27:52.09,38.7920,-122.7642,2.73,3.60,Mw,67,38,1,0.07,NCSN,51208029
2008/09/15 01:34:46.33,38.7872,-122.7690,2.89,3.50,Mw,68,35,2,0.08,NCSN,51208107
2008/09/17 23:26:41.17,36.9338,-121.6813,11.90,3.20,ML,91,57,2,0.09,NCSN,51208267
2008/10/03 13:58:57.90,40.4172,-126.5848,5.14,3.82,ML,23,281,191,0.33,NCSN,51208947
2008/10/06 14:48:10.27,36.1042,-119.8342,15.14,3.00,ML,57,116,25,0.18,NCSN,51209072
2008/10/10 13:23:44.88,40.3097,-124.5700,19.94,3.02,ML,21,231,23,0.08,NCSN,51209279
2008/10/10 23:19:10.91,37.8365,-122.2153,12.65,3.05,ML,93,25,5,0.11,NCSN,51209305
2008/10/15 22:45:55.45,40.4050,-125.5075,5.18,3.63,ML,29,258,100,0.25,NCSN,51209576
2008/10/26 09:26:50.76,40.3177,-124.6123,19.76,3.84,ML,33,230,27,0.10,NCSN,51210144
2008/10/26 09:27:22.34,40.3368,-124.6288,21.59,4.90,Mw,19,231,29,0.04,NCSN,71011617
2008/10/26 16:07:48.21,41.1743,-124.2215,16.75,3.90,Mw,17,193,17,0.10,NCSN,51210163
2008/10/30 22:18:08.45,41.8792,-126.4165,25.00,3.05,ML,57,279,185,0.16,NCSN,71166931
2008/11/01 02:46:32.06,36.5283,-121.9198,9.62,3.28,ML,115,189,8,0.20,NCSN,51210418
2008/11/02 03:34:35.04,37.1628,-121.5545,5.62,3.18,ML,110,42,6,0.09,NCSN,51210469
2008/11/05 16:05:48.86,36.0790,-120.1563,17.47,3.40,Mw,64,89,5,0.12,NCSN,51210672
2008/11/10 19:56:25.37,37.4335,-121.7750,10.02,3.20,Mw,144,36,3,0.10,NCSN,51210970
2008/11/12 11:10:58.85,38.8642,-122.8370,2.23,3.50,Mw,74,40,2,0.07,NCSN,51211062
2008/11/13 05:03:54.14,40.4418,-125.2755,20.00,4.00,Mw,37,247,80,0.29,NCSN,51211113
2008/11/13 18:24:10.01,36.7983,-121.5303,7.69,3.40,Mw,89,35,4,0.15,NCSN,51211143
2008/11/14 02:49:52.90,36.6995,-121.3347,5.37,3.37,ML,62,32,7,0.07,NCSN,51211170
2008/11/15 17:50:41.28,35.5250,-120.8103,5.23,3.96,ML,85,28,9,0.13,NCSN,51211277
2008/11/16 05:43:15.59,40.3138,-124.6027,19.65,4.60,Mw,37,230,26,0.11,NCSN,51211307
2008/11/16 06:05:04.82,40.3198,-124.5957,19.20,3.10,ML,25,230,26,0.09,NCSN,51211310
2008/11/17 14:27:28.88,36.0120,-120.8777,11.96,3.30,Mw,96,39,2,0.18,NCSN,51211390
2008/11/17 16:11:00.04,40.7300,-125.3072,25.00,3.04,Md,33,285,87,0.27,NCSN,51211396
2008/11/21 15:02:26.22,38.7655,-122.7250,1.45,3.03,ML,64,24,1,0.08,NCSN,40226496
2008/11/23 14:44:05.11,35.8278,-120.3808,7.14,3.48,ML,75,27,2,0.09,NCSN,40226649
2008/11/24 01:04:48.19,38.2415,-122.1773,9.54,3.11,ML,102,85,5,0.18,NCSN,40226685
2008/11/28 14:03:10.33,40.3432,-126.7530,28.00,3.60,Md,30,278,208,0.30,NCSN,71172195
2008/11/28 15:34:01.17,40.4172,-126.4830,13.60,3.10,Md,36,278,182,0.30,NCSN,71172205
2008/11/29 12:59:27.15,36.8813,-121.6153,6.32,3.34,ML,84,52,2,0.09,NCSN,40227010
2008/11/29 13:01:06.52,36.8787,-121.6162,6.54,3.27,ML,85,53,2,0.11,NCSN,40227011
2008/12/01 19:41:31.83,38.8165,-122.8095,4.04,3.30,ML,58,35,2,0.07,NCSN,40227109
2008/12/09 16:25:46.64,37.4835,-121.8095,6.13,3.49,ML,152,34,4,0.15,NCSN,51212644
2008/12/15 04:24:24.01,38.8302,-122.8035,2.63,3.02,ML,67,46,1,0.08,NCSN,51213092
2008/12/15 04:24:50.24,38.8295,-122.8027,1.77,3.15,ML,58,42,1,0.09,NCSN,51213093
2008/12/21 17:35:36.64,36.6748,-121.3002,7.24,4.00,Mw,73,38,3,0.06,NCSN,51213534
2008/12/21 18:58:47.07,36.6843,-121.3152,6.54,3.01,ML,72,25,4,0.05,NCSN,51213543
2008/12/21 20:09:33.16,36.6778,-121.3038,6.66,3.60,Mw,68,35,3,0.07,NCSN,51213552
2008/12/22 00:36:02.94,38.8088,-122.7912,1.49,3.04,ML,63,33,0,0.06,NCSN,51213575
2008/12/22 18:15:56.80,36.6857,-121.3015,1.63,3.55,ML,69,34,3,0.10,NCSN,51213676
2008/12/26 12:19:40.02,39.9598,-120.8688,0.03,4.50,Mw,44,93,43,0.13,NCSN,51213957
2008/12/31 17:48:15.99,36.8342,-121.5665,6.25,3.20,ML,69,33,2,0.11,NCSN,51214339
2009/01/01 20:22:21.25,40.4227,-125.9660,4.94,3.30,ML,28,311,138,0.23,NCSN,51214425
2009/01/04 17:27:10.48,38.7823,-122.7725,4.68,4.30,Mw,66,25,1,0.08,NCSN,51214595
2009/01/07 06:37:29.58,38.4553,-119.3168,0.52,3.09,ML,29,126,12,0.08,NCSN,51214799
2009/01/10 09:18:11.16,39.0317,-123.3413,6.85,3.80,Mw,58,60,16,0.10,NCSN,51214975
2009/01/10 14:18:20.71,36.1685,-120.7353,9.49,3.03,ML,85,62,7,0.11,NCSN,51214989
2009/01/11 01:30:23.85,41.8313,-123.8460,38.42,3.02,Md,8,113,3,0.14,NCSN,71182866
2009/01/14 05:08:21.57,36.7408,-121.3373,9.15,3.42,ML,79,64,6,0.08,NCSN,40230105
2009/01/15 14:43:53.37,36.6865,-121.3145,6.42,3.54,ML,69,50,4,0.07,NCSN,40230187
2009/01/15 14:44:07.74,36.6838,-121.3257,6.23,3.70,Mw,26,54,7,0.11,NCSN,71011822
2009/01/18 22:27:55.58,40.9630,-123.5377,27.84,3.01,ML,30,72,19,0.16,NCSN,51215473
2009/01/20 06:06:00.47,36.6957,-121.3273,6.52,3.90,Mw,76,38,6,0.09,NCSN,51215555
2009/01/20 08:14:42.50,36.6963,-121.3278,5.15,3.80,Mw,73,37,6,0.09,NCSN,51215567
2009/01/20 08:57:23.48,36.6987,-121.3300,4.67,3.49,Mw,73,34,6,0.08,NCSN,51215571
2009/01/20 09:12:26.87,36.6910,-121.3215,5.50,3.80,Mw,70,43,5,0.08,NCSN,51215576
2009/01/21 20:49:42.51,36.6978,-121.3307,6.79,3.50,Mw,75,34,6,0.08,NCSN,51215680
2009/01/24 02:29:01.67,40.3575,-126.2830,27.69,3.16,Md,29,285,166,0.29,NCSN,71187290
2009/01/27 05:42:00.59,41.0278,-123.4257,35.66,3.09,Md,42,41,28,0.14,NCSN,40230889
2009/01/31 10:06:59.75,37.5298,-118.8225,7.87,3.19,Md,46,60,7,0.06,NCSN,40231074
2009/02/04 17:14:21.54,40.3703,-124.9988,10.00,3.25,ML,62,235,57,0.23,NCSN,40231327
2009/02/05 04:01:22.68,40.3863,-126.5453,37.69,3.46,ML,90,256,188,0.37,NCSN,40231349
2009/02/06 00:20:28.96,36.6930,-121.3223,5.02,3.70,Mw,76,41,5,0.08,NCSN,40231391
2009/02/07 13:58:33.68,36.6880,-121.3172,5.18,3.14,ML,66,48,5,0.07,NCSN,40231480
2009/02/15 22:05:20.37,36.8615,-121.5978,6.66,3.29,ML,86,54,3,0.09,NCSN,40231861
2009/02/17 00:04:06.43,40.8595,-125.3980,26.61,3.15,ML,26,249,99,0.14,NCSN,40231883
2009/02/20 10:29:27.61,38.8103,-122.8097,2.30,3.70,Mw,65,22,1,0.08,NCSN,40231987
2009/02/21 15:27:06.91,36.4287,-120.9543,8.14,3.20,Mw,77,60,13,0.10,NCSN,40232076
2009/02/21 19:01:02.54,37.6262,-121.9500,11.79,3.20,ML,159,13,2,0.22,NCSN,40232081
2009/02/22 18:13:46.32,34.7023,-121.3557,2.99,3.43,ML,90,247,71,0.29,NCSN,40232134
2009/02/22 19:16:35.00,39.0075,-123.6650,5.92,3.08,ML,35,225,11,0.12,NCSN,40232137
2009/02/26 16:08:55.60,36.8627,-121.5997,6.70,3.24,ML,76,55,3,0.09,NCSN,40232336
2009/03/05 23:06:25.90,38.8312,-122.7848,1.37,3.34,Mw,67,39,1,0.06,NCSN,40232728
2009/03/08 14:47:19.54,37.4743,-121.8045,9.58,3.50,Mw,163,29,3,0.13,NCSN,40232887
2009/03/09 03:07:52.69,36.4010,-120.9335,7.28,3.50,Mw,79,63,8,0.12,NCSN,40232913
2009/03/09 03:15:23.80,36.4027,-120.9367,7.04,3.16,ML,73,84,8,0.11,NCSN,40232914
2009/03/12 13:59:43.14,36.1190,-120.1823,9.59,3.28,ML,62,111,9,0.11,NCSN,51218152
2009/03/12 21:30:14.94,37.2513,-121.6357,5.73,3.13,ML,106,59,3,0.07,NCSN,51218175
2009/03/15 05:23:31.28,36.3430,-120.3492,4.71,3.50,Mw,68,95,10,0.15,NCSN,51218275
2009/03/15 22:35:50.09,41.3393,-125.1873,5.02,3.30,ML,18,291,145,0.31,NCSN,71197966
2009/03/18 02:26:06.90,37.4575,-121.7698,7.87,3.11,ML,148,28,3,0.13,NCSN,40233339
2009/03/18 11:04:39.12,40.5448,-124.4318,14.32,3.80,Mw,67,221,46,0.10,NCSN,40233362
2009/03/23 01:34:24.11,40.4377,-125.3242,10.61,3.77,ML,75,238,84,0.21,NCSN,40233636
2009/03/23 12:29:21.23,39.5697,-123.4465,7.11,3.60,Mw,31,112,8,0.14,NCSN,40233662
2009/03/27 08:32:35.45,40.7605,-124.3950,18.76,3.70,Mw,30,208,31,0.13,NCSN,40233857
2009/03/30 17:40:29.26,37.2848,-121.6157,7.65,4.30,Mw,164,57,7,0.14,NCSN,40234037
2009/04/02 08:13:45.01,37.5167,-118.8648,7.94,3.35,Md,47,68,9,0.05,NCSN,40234166
2009/04/02 14:11:01.03,37.5158,-118.8653,8.01,3.14,Md,46,97,9,0.06,NCSN,40234179
2009/04/03 18:02:22.73,40.5058,-124.7477,15.89,3.80,Mw,44,237,47,0.08,NCSN,40234234
2009/04/03 22:01:46.51,35.5692,-120.9390,4.94,3.16,ML,69,72,5,0.10,NCSN,40234248
2009/04/05 19:38:57.23,40.4617,-125.9463,14.26,3.41,ML,59,257,136,0.29,NCSN,40234363
2009/04/05 23:12:15.27,40.4668,-126.2077,7.82,3.17,ML,33,266,159,0.26,NCSN,40234370
2009/04/14 12:43:45.47,37.5915,-118.6258,13.17,3.13,ML,44,28,6,0.05,NCSN,40234777
2009/04/17 15:09:39.62,38.8152,-122.7980,2.69,3.70,Mw,69,27,1,0.07,NCSN,51220062
2009/04/23 07:58:11.25,41.0080,-121.4903,16.81,3.09,Md,27,90,19,0.14,NCSN,51220370
2009/04/23 22:32:20.90,36.9928,-121.6695,3.37,3.28,ML,82,57,6,0.10,NCSN,51220405
2009/04/30 22:50:54.67,37.2535,-121.6358,6.55,3.51,Mw,116,31,3,0.08,NCSN,51220793
2009/05/03 17:54:05.21,40.7492,-124.1638,21.00,4.17,Mw,17,167,14,0.10,NCSN,51220943
2009/05/05 10:00:52.51,37.2840,-121.6583,7.17,3.25,ML,151,27,3,0.14,NCSN,51221051
2009/05/10 17:55:13.59,41.0597,-125.1770,18.00,3.32,ML,82,229,96,0.17,NCSN,51221340
2009/05/13 22:34:05.40,37.8633,-122.2315,10.99,3.14,ML,155,19,1,0.18,NCSN,51221530
2009/05/18 11:40:33.88,38.8187,-122.8180,2.30,3.37,Mw,71,29,1,0.08,NCSN,51221777
2009/05/29 03:35:16.05,40.3615,-127.1403,21.78,4.00,Mw,60,285,238,0.40,NCSN,51222353
2009/06/02 17:04:40.06,40.4463,-125.8228,8.00,3.48,Mw,53,256,126,0.42,NCSN,40237498
2009/06/06 22:30:56.18,37.9177,-122.3042,5.73,3.32,ML,173,19,1,0.18,NCSN,40237749
2009/06/07 23:51:58.21,38.8275,-123.6293,4.06,3.00,ML,27,211,12,0.10,NCSN,40237793
2009/06/08 07:54:03.59,40.3835,-124.4078,17.91,3.91,Mw,13,230,12,0.11,NCSN,40237802
2009/06/08 22:15:04.51,37.8220,-121.9650,8.96,3.51,Mw,126,60,5,0.17,NCSN,40237825
2009/06/09 02:19:17.60,36.7027,-121.3370,4.81,3.23,Mw,70,34,1,0.08,NCSN,40237842
2009/06/10 09:59:07.71,38.8347,-122.8010,2.75,3.08,ML,65,40,1,0.07,NCSN,40237916
2009/06/10 10:02:11.87,36.5678,-121.1605,4.31,3.08,Mw,92,26,3,0.09,NCSN,40237919
2009/06/11 09:48:40.12,38.8383,-122.7663,1.41,3.01,ML,64,43,1,0.07,NCSN,40237999
2009/06/20 12:32:48.00,35.6432,-120.9513,6.26,4.39,Mw,75,69,5,0.08,NCSN,40238431
2009/06/20 17:55:52.36,35.6407,-120.9527,5.99,3.23,ML,84,69,5,0.08,NCSN,40238466
2009/06/27 05:06:29.91,33.7495,-122.9417,5.00,3.39,ML,72,302,249,2.89,NCSN,71239526
2009/06/27 17:29:35.34,40.1852,-122.8007,8.35,3.82,Mw,25,38,11,0.31,NCSN,71239821
2009/06/30 17:27:27.72,38.8083,-122.7903,4.11,3.84,Mw,59,34,0,0.06,NCSN,71241391
2009/07/07 00:29:33.36,38.8328,-122.8085,3.31,3.76,Mw,73,32,2,0.09,NCSN,71244696
2009/07/07 05:03:30.26,38.8378,-122.7975,2.88,3.74,Mw,62,41,1,0.07,NCSN,71244841
2009/07/07 14:54:49.87,40.8370,-125.3858,7.42,3.55,Mw,49,237,97,0.20,NCSN,71245036
2009/07/09 19:24:33.92,40.3030,-124.5665,19.37,3.45,Mw,26,229,23,0.08,NCSN,71246191
2009/07/12 04:11:37.91,40.3798,-125.4828,9.86,3.63,Mw,29,300,98,0.25,NCSN,71247176
2009/07/21 12:21:52.20,35.9273,-120.4775,10.29,3.12,ML,74,31,2,0.10,NCSN,71251761
2009/07/24 12:35:49.45,37.3052,-121.0730,5.62,3.15,ML,138,62,14,0.14,NCSN,71253321
2009/08/03 19:21:59.28,37.3335,-118.7365,18.54,3.32,ML,44,76,6,0.06,NCSN,71259676
2009/08/07 10:49:34.72,40.3098,-124.6370,16.85,4.92,Mw,28,232,29,0.09,NCSN,71261376
2009/08/30 19:21:22.17,37.9542,-118.6212,7.88,3.74,Mw,49,72,6,0.07,NCSN,71273541
2009/09/04 15:01:45.12,35.6583,-121.0877,9.32,3.17,ML,73,103,6,0.08,NCSN,71270660
2009/09/06 03:20:55.58,35.5568,-120.7983,5.26,3.81,Mw,77,32,10,0.11,NCSN,71271840
2009/09/06 09:47:15.19,36.8515,-121.4115,9.52,3.87,Mw,99,33,4,0.09,NCSN,71271995
2009/09/07 08:22:45.21,39.3925,-122.8995,14.99,3.03,ML,68,32,27,0.14,NCSN,71272470
2009/09/09 18:45:52.08,36.9022,-121.6322,4.99,3.56,Mw,94,39,4,0.12,NCSN,71278336
2009/09/13 22:53:16.52,37.8548,-121.7720,14.09,3.21,Mw,135,82,12,0.16,NCSN,71280691
2009/09/14 04:33:07.76,39.0283,-123.1130,5.10,3.34,Mw,49,32,5,0.08,NCSN,71280741
2009/09/17 00:52:54.92,39.2860,-123.4977,7.05,3.45,Mw,40,121,15,0.12,NCSN,71282111
2009/09/18 01:02:17.71,38.6292,-122.6942,8.16,3.12,ML,95,32,8,0.14,NCSN,71282711
2009/09/19 23:56:24.17,40.4838,-124.4517,27.49,3.09,ML,14,230,10,0.07,NCSN,71283451
2009/10/14 03:27:41.22,37.6397,-121.8787,9.38,3.71,Mw,226,14,2,0.21,NCSN,71299286
2009/10/15 02:57:23.59,37.3680,-121.7238,7.99,3.39,Mw,190,30,4,0.16,NCSN,71294500
2009/10/18 15:47:29.92,39.8523,-120.7927,7.42,3.11,Mw,37,49,7,0.11,NCSN,71296155
2009/10/20 19:10:45.14,40.4083,-124.6327,23.95,3.10,ML,24,234,26,0.08,NCSN,71297115
2009/10/22 04:11:12.73,37.5398,-118.8677,9.83,3.19,Md,45,63,7,0.05,NCSN,71297795
2009/10/23 06:46:21.57,38.7925,-122.7552,4.02,3.05,ML,79,18,1,0.08,NCSN,71298350
2009/10/29 21:13:46.09,40.8900,-127.0500,18.61,3.53,ML,90,283,234,0.48,NCSN,71301490
2009/10/30 16:37:00.05,37.4683,-118.7830,11.22,3.18,Md,48,67,6,0.06,NCSN,71301870
2009/10/31 06:52:23.99,38.7945,-122.7693,4.80,3.58,Mw,80,20,1,0.08,NCSN,71302365
2009/11/01 14:55:34.13,36.6323,-121.2527,10.97,3.55,Mw,72,39,4,0.08,NCSN,71303390
2009/11/04 02:16:56.18,40.4618,-125.6602,15.49,4.17,Mw,145,241,112,0.29,NCSN,71304850
2009/11/12 13:33:14.52,40.3713,-127.1393,22.73,3.14,ML,64,278,238,0.42,NCSN,71313611
2009/11/24 11:59:53.32,38.8183,-122.7897,2.71,3.67,Mw,77,31,1,0.07,NCSN,71318526
2009/12/04 17:05:56.85,39.6350,-122.8322,8.14,3.01,ML,33,45,10,0.10,NCSN,71317805
2009/12/09 04:36:47.19,35.5538,-120.7933,3.90,3.04,ML,77,45,11,0.11,NCSN,71319915
2009/12/11 03:50:43.77,35.9360,-120.4885,10.29,3.30,Mw,79,34,2,0.10,NCSN,71320865
2009/12/14 18:32:58.06,40.4347,-125.2633,19.00,3.04,ML,104,237,79,0.30,NCSN,71322075
2009/12/14 23:47:13.44,40.4482,-125.3328,21.54,3.14,ML,44,251,84,0.25,NCSN,71322260
2009/12/20 12:26:25.80,38.7883,-122.7683,4.59,3.77,Mw,79,20,2,0.07,NCSN,71324305
2009/12/22 23:40:43.92,39.7773,-123.3382,9.68,3.96,Mw,26,41,13,0.11,NCSN,71325090
2009/12/23 04:59:54.93,39.3173,-119.9867,3.58,3.49,Mw,23,77,4,0.07,NCSN,71325150
2010/01/04 14:24:54.44,40.2773,-123.8685,30.74,4.12,Mw,20,86,16,0.07,NCSN,71330090
2010/01/07 18:09:35.04,37.4812,-121.7987,11.01,4.05,Mw,210,36,3,0.17,NCSN,71336726
2010/01/08 19:48:50.05,37.4822,-121.7930,9.63,3.73,Mw,179,37,4,0.15,NCSN,71337451
2010/01/10 00:27:39.32,40.6520,-124.6925,29.33,6.50,Mw,48,220,36,0.20,NCSN,71338066
2010/01/10 00:42:38.37,40.4203,-124.8288,18.31,3.46,ML,50,246,42,0.15,NCSN,71338071
2010/01/10 00:43:15.67,40.6203,-124.7520,29.02,3.71,ML,39,223,39,0.12,NCSN,71338076
2010/01/10 00:48:38.61,40.6787,-124.5877,24.01,3.32,ML,32,231,31,0.11,NCSN,71338081
2010/01/10 00:51:00.37,40.6505,-124.6453,26.48,3.15,ML,31,241,33,0.11,NCSN,71338091
2010/01/10 01:06:17.06,40.5905,-124.7698,24.85,3.39,ML,50,238,39,0.16,NCSN,71338121
2010/01/10 02:21:39.24,40.6087,-124.7828,20.95,4.41,Mw,55,218,41,0.14,NCSN,71338171
2010/01/10 03:07:01.84,40.6213,-124.6990,25.73,3.97,Mw,34,235,35,0.12,NCSN,71338196
2010/01/10 06:32:17.02,40.3087,-124.6320,17.11,4.12,Mw,32,232,28,0.16,NCSN,71338301
2010/01/10 11:48:31.73,40.6360,-124.6640,23.87,3.91,Mw,30,234,33,0.12,NCSN,71338406
2010/01/10 16:07:28.82,35.6342,-121.0367,5.16,3.03,ML,75,57,6,0.12,NCSN,71338556
2010/01/11 06:44:37.89,40.4627,-124.8487,24.07,4.05,Mw,49,228,43,0.19,NCSN,71338851
2010/01/11 11:21:30.78,40.6570,-124.6733,26.72,3.12,ML,22,241,35,0.05,NCSN,71338971
2010/01/12 02:53:36.37,40.5075,-124.8820,14.66,3.18,ML,37,243,46,0.16,NCSN,71339301
2010/01/13 06:34:54.83,40.5255,-124.9175,16.77,3.15,ML,11,270,49,0.05,NCSN,71339716
2010/01/13 17:36:27.97,40.6505,-124.6865,25.09,3.33,ML,32,235,35,0.14,NCSN,71339896
2010/01/30 09:32:33.25,38.8310,-122.8008,2.81,3.60,Mw,73,33,1,0.08,NCSN,71346081
2010/02/04 20:20:21.97,40.4123,-124.9613,23.63,5.88,Mw,41,233,53,0.19,NCSN,71348851
2010/02/06 03:32:22.69,40.3747,-125.0008,9.53,3.32,ML,68,235,57,0.13,NCSN,71349501
2010/02/06 04:05:05.25,40.3723,-124.9680,11.39,3.63,Mw,71,234,55,0.15,NCSN,71349506
2010/02/06 13:07:31.86,40.8312,-123.3385,34.03,3.16,ML,33,37,22,0.17,NCSN,71349716
2010/02/07 02:01:23.95,35.7827,-120.3352,9.31,3.39,Mw,70,48,1,0.10,NCSN,71349976
2010/02/08 19:56:23.89,36.7230,-121.3635,3.18,3.50,Mw,64,38,5,0.07,NCSN,71350686
2010/02/11 08:33:42.34,35.9148,-120.4658,7.18,3.43,Mw,77,41,2,0.09,NCSN,71352011
2010/02/15 03:07:54.80,36.7052,-121.3360,2.99,3.29,ML,68,36,7,0.07,NCSN,71354066
2010/02/24 11:44:59.57,35.6608,-121.0845,8.68,3.13,ML,66,147,9,0.09,NCSN,71353890
2010/02/24 22:56:26.20,40.3963,-125.4445,15.00,3.12,ML,34,291,94,0.08,NCSN,71354120
2010/03/01 11:23:31.84,36.6005,-121.2028,6.91,3.32,ML,76,32,3,0.07,NCSN,71356470
2010/03/03 20:36:33.57,37.4178,-121.7612,9.78,3.37,Mw,164,31,5,0.15,NCSN,71357760
2010/03/04 12:22:30.57,40.3878,-124.9825,8.76,3.90,Mw,73,228,56,0.16,NCSN,71358185
2010/03/04 17:47:02.04,38.8418,-122.7605,1.24,3.41,Mw,74,32,1,0.09,NCSN,71358315
2010/03/06 08:46:23.81,40.3198,-124.7333,13.16,4.53,Mw,52,237,37,0.12,NCSN,71359410
2010/03/07 06:14:12.35,36.8128,-121.5357,5.20,3.55,Mw,83,34,3,0.16,NCSN,71359775
2010/03/11 01:06:37.85,38.8053,-122.8105,2.02,3.04,ML,78,24,1,0.07,NCSN,71361510
2010/03/12 10:23:58.12,40.1865,-121.3310,9.01,3.61,ML,51,70,17,0.13,NCSN,71362300
2010/03/12 15:34:04.78,40.7458,-125.4348,22.28,3.26,ML,46,256,98,0.15,NCSN,71362405
2010/03/17 00:05:17.08,40.4485,-125.2010,0.31,3.74,Mw,38,249,73,0.24,NCSN,71364405
2010/03/17 16:41:37.93,40.1847,-121.3290,7.35,3.71,Mw,51,78,17,0.12,NCSN,71364650
2010/03/18 12:05:23.16,40.6528,-125.4778,9.37,3.27,ML,32,294,99,0.21,NCSN,71365085
2010/03/19 23:10:39.70,40.5997,-124.7622,21.07,3.70,Mw,25,247,39,0.08,NCSN,71365775
2010/03/22 03:46:51.35,41.8518,-126.2667,24.53,4.13,Mw,30,277,174,0.28,NCSN,71366850
2010/03/22 06:00:13.12,41.8057,-126.2233,23.84,3.17,Md,28,274,172,0.26,NCSN,71366875
2010/03/22 08:11:47.23,41.8592,-126.3863,23.91,3.88,Mw,17,280,183,0.21,NCSN,71366925
2010/03/25 22:44:49.39,35.9513,-120.5082,9.77,3.40,Mw,88,27,1,0.10,NCSN,71368395
2010/03/28 06:56:32.07,37.4788,-121.7988,9.86,3.22,ML,196,28,3,0.17,NCSN,71369535
2010/03/28 09:39:27.40,38.8110,-122.8237,2.56,3.65,Mw,75,25,1,0.07,NCSN,71369580
2010/04/02 06:00:38.53,38.3665,-119.3800,9.13,3.56,Mw,41,104,16,0.08,NCSN,71376726
2010/04/04 22:49:17.10,38.8183,-122.7645,1.16,3.23,ML,50,51,2,0.11,NCSN,71377611
2010/04/07 22:40:29.94,35.9415,-120.4942,10.52,3.99,Mw,90,27,2,0.10,NCSN,71379106
2010/04/10 12:26:26.49,38.8255,-122.8025,3.94,3.06,ML,79,31,1,0.05,NCSN,71380256
2010/04/12 11:37:46.35,36.5763,-121.1757,8.37,3.37,Mw,71,29,1,0.08,NCSN,71381021
2010/04/12 15:10:04.76,40.3137,-124.5318,20.94,3.91,Mw,20,259,20,0.27,NCSN,71381091
2010/04/14 06:02:07.26,38.7607,-122.7337,1.97,3.15,ML,76,17,1,0.08,NCSN,71381821
2010/04/15 08:36:06.63,40.2703,-125.7648,29.48,4.52,Mw,19,309,123,0.25,NCSN,71382461
2010/04/15 22:31:55.63,40.4855,-124.2708,25.20,3.24,ML,20,116,6,0.10,NCSN,71382831
2010/04/17 04:22:16.52,40.4788,-126.9877,22.00,3.71,ML,19,304,225,0.15,NCSN,71383746
2010/04/26 03:44:09.91,38.7925,-122.7665,2.40,3.26,ML,76,32,1,0.06,NCSN,71388296
2010/04/26 20:14:58.73,36.5695,-120.3832,9.15,3.34,Mw,119,46,22,0.14,NCSN,71388751
2010/04/27 23:07:21.40,38.8157,-122.7985,1.82,3.49,Mw,66,35,1,0.09,NCSN,71389236
2010/05/03 17:49:37.43,40.4553,-127.0542,20.00,3.42,ML,13,328,230,0.13,NCSN,71391891
2010/05/10 23:56:15.46,35.6687,-121.0932,6.12,3.25,ML,81,105,6,0.08,NCSN,71390900
2010/05/15 17:54:42.75,37.7007,-122.0030,10.04,3.28,Mw,210,32,5,0.16,NCSN,71398641
2010/05/20 23:05:19.99,40.4127,-125.9655,23.87,3.42,ML,56,267,138,0.36,NCSN,71401706
2010/05/21 03:18:45.46,38.7897,-122.7355,2.24,3.02,Mw,76,20,1,0.07,NCSN,71401831
2010/05/22 17:06:07.06,37.8193,-118.9727,4.29,3.45,Mw,49,48,7,0.07,NCSN,71402426
2010/05/22 18:24:07.25,37.8157,-118.9690,4.14,3.33,Md,50,46,6,0.07,NCSN,71402481
2010/05/23 04:45:44.23,37.8165,-118.9695,4.09,3.32,Mw,47,47,7,0.06,NCSN,71402771
2010/05/28 15:22:26.19,39.2148,-123.0888,7.84,3.18,Mw,63,31,9,0.09,NCSN,71405646
2010/05/30 06:59:57.06,37.7183,-122.1195,5.44,3.20,Mw,212,16,1,0.17,NCSN,71406701
2010/06/01 07:20:39.51,38.7940,-122.8082,3.34,3.30,Mw,81,33,1,0.07,NCSN,71407901
2010/06/05 09:05:26.14,40.3953,-125.4647,26.20,4.25,Mw,56,254,96,0.25,NCSN,71409946
2010/06/05 21:28:04.14,40.3700,-124.7868,12.48,3.81,Mw,66,239,43,0.21,NCSN,71410191
2010/06/12 06:05:13.61,36.8627,-121.6092,7.68,3.57,Mw,97,64,2,0.12,NCSN,71413856
2010/06/14 11:39:02.70,38.7950,-122.7798,4.30,3.66,Mw,79,20,1,0.06,NCSN,71415021
2010/06/22 07:23:46.27,36.9392,-121.4340,7.38,3.07,ML,104,27,6,0.11,NCSN,71418881
2010/06/22 21:42:00.31,38.8402,-122.8280,2.29,3.16,ML,79,24,1,0.06,NCSN,71413845
2010/06/24 23:01:08.23,35.6630,-121.0318,6.40,3.27,ML,85,61,4,0.12,NCSN,71414955
2010/06/24 23:17:21.13,35.6622,-121.0287,6.19,3.13,ML,85,61,4,0.13,NCSN,71414965
2010/06/28 14:47:04.34,37.7422,-122.5523,7.72,3.25,Mw,163,99,5,0.09,NCSN,71416595
2010/07/01 00:29:47.30,39.7695,-122.0825,26.36,3.31,Mw,38,40,23,0.23,NCSN,71417885
2010/07/03 22:25:19.56,42.4402,-124.1527,33.13,3.70,Mw,49,149,26,0.34,NCSN,71419235
2010/07/10 16:04:30.39,40.4250,-123.5680,31.93,3.81,Mw,35,28,8,0.17,NCSN,71422700
2010/07/12 15:15:12.77,40.6805,-124.6140,23.54,3.05,ML,26,234,33,0.08,NCSN,71423790
2010/07/13 03:03:23.26,38.7923,-122.7568,2.54,3.21,Mw,82,31,1,0.08,NCSN,71424065
2010/07/15 15:31:43.54,38.8187,-122.8077,2.93,3.95,Mw,75,17,1,0.07,NCSN,71425345
2010/07/15 23:54:20.34,38.8153,-122.8157,2.40,3.83,Mw,78,18,1,0.09,NCSN,71425825
2010/07/18 06:16:26.05,37.6212,-118.8143,7.89,3.43,ML,50,43,2,0.05,NCSN,71427185
2010/07/18 07:49:16.68,38.8270,-122.8105,3.82,3.17,ML,79,18,0,0.07,NCSN,71427235
2010/07/21 06:54:35.49,36.8270,-121.5722,8.31,3.35,Mw,103,40,3,0.16,NCSN,71429025
2010/07/22 11:40:08.09,37.6240,-118.8140,8.26,3.76,Mw,48,42,2,0.05,NCSN,71434941
2010/07/23 21:29:10.10,37.6650,-122.5123,7.73,3.15,Mw,121,101,3,0.10,NCSN,71436076
2010/07/27 21:21:40.34,39.4982,-123.1250,7.66,3.36,Mw,44,48,9,0.11,NCSN,71438156
2010/07/28 22:37:01.18,38.8172,-122.7915,3.69,3.31,Mw,83,21,1,0.06,NCSN,71438606
2010/07/31 01:31:57.03,39.3138,-122.8145,10.99,3.01,Mw,57,34,18,0.11,NCSN,71439771
2010/08/02 04:00:09.11,36.2503,-120.8158,6.85,3.40,Mw,86,69,4,0.11,NCSN,71440641
2010/08/04 21:22:14.88,36.4405,-120.2283,6.57,3.01,ML,73,53,2,0.16,NCSN,71441501
2010/08/06 01:20:03.46,37.6218,-118.8127,7.82,3.60,Mw,47,53,2,0.05,NCSN,71442046
2010/08/10 00:51:10.83,36.9085,-121.6408,5.39,3.85,Mw,115,34,3,0.12,NCSN,71444201
2010/08/10 02:12:31.20,39.8765,-120.4807,9.18,3.45,Mw,24,101,4,0.05,NCSN,71444246
2010/08/13 15:51:57.35,38.7952,-122.8118,3.59,3.19,Mw,69,21,1,0.06,NCSN,71440560
2010/08/15 18:51:55.22,38.8187,-122.7658,1.39,3.33,Mw,69,30,1,0.07,NCSN,71441590
2010/08/16 12:05:17.11,40.7712,-125.1472,23.27,4.37,Mw,73,230,76,0.18,NCSN,71442000
2010/08/20 00:50:02.59,36.8350,-121.5708,6.15,3.15,ML,80,35,2,0.11,NCSN,71443970
2010/08/21 21:02:35.20,40.6648,-124.1322,25.98,3.18,ML,41,149,27,0.11,NCSN,71444785
2010/08/25 13:23:41.47,40.3048,-124.5695,20.23,3.28,Mw,24,244,23,0.10,NCSN,71446515
2010/08/25 17:20:00.49,35.8187,-121.1792,5.18,3.69,Mw,86,48,8,0.16,NCSN,71446590
2010/08/28 11:49:55.03,39.3068,-122.7983,14.09,3.56,Mw,61,33,17,0.14,NCSN,71447655
2010/09/01 05:58:35.76,36.8570,-121.5953,6.77,3.22,Mw,88,51,3,0.09,NCSN,71449280
2010/09/02 16:35:33.79,37.9617,-122.3473,5.22,3.12,Mw,187,17,3,0.18,NCSN,71449830
2010/09/04 11:04:31.16,42.1967,-124.4567,23.64,3.01,ML,7,237,19,0.09,NCSN,71450720
2010/09/07 06:59:25.61,36.5605,-121.0677,8.44,3.11,Mw,82,49,3,0.14,NCSN,71451750
2010/09/19 18:14:59.71,36.6767,-121.3010,4.82,3.17,ML,81,38,5,0.07,NCSN,71457555
2010/09/21 18:44:43.25,40.5020,-126.9290,5.00,3.31,ML,34,304,220,0.25,NCSN,71458475
2010/10/02 09:34:56.50,40.4680,-125.7307,2.50,3.31,ML,45,262,118,0.35,NCSN,71463130
2010/10/05 13:28:23.30,37.3982,-121.5102,8.40,3.07,Mw,153,40,6,0.13,NCSN,71464455
2010/10/05 15:15:27.67,40.9512,-124.8037,23.99,4.39,Mw,97,219,66,0.27,NCSN,71464510
2010/10/15 11:04:10.13,37.8803,-121.3880,14.72,3.13,ML,235,42,23,0.20,NCSN,71474381
2010/10/15 16:13:53.04,37.4100,-121.7527,9.39,3.00,Mw,206,22,4,0.13,NCSN,71474456
2010/10/18 03:44:42.74,39.3500,-120.0330,6.03,3.09,Mw,32,73,47,0.17,NCSN,71475591
2010/10/18 15:21:37.78,40.7333,-123.9582,21.22,3.43,Mw,22,125,25,0.09,NCSN,71475761
2010/10/19 17:51:48.97,38.8353,-122.7922,1.20,3.54,Mw,66,21,0,0.08,NCSN,71476241
2010/10/30 06:00:21.09,37.4912,-118.8445,9.71,3.16,Md,34,85,11,0.04,NCSN,71481196
2010/10/31 01:02:06.16,38.6440,-119.5707,7.48,4.28,Mw,44,131,22,0.09,NCSN,71481596
2010/11/02 13:45:01.42,38.6500,-119.5677,0.08,3.06,ML,72,132,99,0.25,NCSN,71482716
2010/11/11 06:54:42.40,40.2685,-123.8128,30.26,3.05,ML,24,39,4,0.10,NCSN,71487026
2010/11/13 07:32:04.50,38.6587,-119.6277,0.31,3.24,ML,75,150,24,0.18,NCSN,71487956
2010/11/15 08:41:15.77,38.6597,-119.6235,3.19,3.52,ML,154,151,24,0.12,NCSN,71488641
2010/11/15 08:43:35.47,38.6548,-119.6287,0.37,3.29,ML,90,149,24,0.18,NCSN,71488646
2010/11/21 05:04:48.41,35.7248,-121.1127,6.55,3.23,ML,80,46,4,0.12,NCSN,71485895
2010/11/21 07:29:37.77,40.5613,-121.7240,5.70,3.48,Mw,20,56,13,0.14,NCSN,71485955
2010/11/21 08:26:03.77,40.5633,-121.7317,1.33,3.13,ML,23,55,14,0.14,NCSN,71485965
2010/11/21 20:09:55.53,39.8777,-120.4893,9.59,3.64,Mw,18,90,4,0.09,NCSN,71486230
2010/11/22 14:10:31.56,37.5717,-118.8635,9.11,3.06,ML,47,58,4,0.04,NCSN,71486515
2010/11/24 03:22:57.95,36.8803,-121.6182,7.03,3.30,Mw,98,53,6,0.10,NCSN,71487535
2010/11/25 06:28:38.03,37.3003,-121.6662,8.37,3.25,Mw,203,49,5,0.17,NCSN,71488065
2010/11/30 12:21:16.37,36.6042,-121.2057,6.31,3.14,Mw,73,30,4,0.06,NCSN,71490405
2010/12/06 13:57:38.20,38.8037,-122.7997,1.51,3.71,Mw,71,23,1,0.07,NCSN,71493190
2010/12/08 20:18:56.15,40.3537,-125.2775,20.20,3.95,Mw,18,300,83,0.13,NCSN,71494255
2010/12/09 22:02:08.96,36.5820,-121.0315,8.64,3.04,ML,87,81,1,0.18,NCSN,71494760
2010/12/18 02:03:19.34,36.4580,-120.5633,7.55,3.55,Mw,150,35,22,0.22,NCSN,71498265
2010/12/18 19:08:19.71,36.4557,-120.5662,9.27,3.09,ML,128,35,22,0.19,NCSN,71498550
2010/12/21 10:10:30.10,38.7897,-122.7423,1.72,3.58,Mw,71,47,1,0.09,NCSN,71499405
2010/12/22 22:13:11.72,36.8110,-121.5460,6.94,3.31,ML,101,34,3,0.18,NCSN,71500210
2010/12/24 12:59:19.89,40.5442,-123.8688,25.33,3.69,Mw,26,99,14,0.12,NCSN,71500870
2010/12/29 00:12:57.87,38.7950,-122.7578,2.48,3.13,ML,65,43,1,0.07,NCSN,71502510
2010/12/29 01:53:33.42,39.2323,-120.1017,6.58,3.30,ML,18,68,9,0.07,NCSN,71502540
2011/01/01 23:57:24.24,38.8325,-119.7893,1.56,3.53,ML,15,162,12,0.05,NCSN,71504090
2011/01/02 06:00:27.06,40.4512,-125.9093,23.34,3.68,ML,36,275,138,0.26,NCSN,71504175
2011/01/02 22:40:11.41,40.3157,-124.5935,17.67,3.79,ML,34,241,25,0.19,NCSN,71504445
2011/01/08 00:10:16.74,37.2872,-121.6582,10.07,4.10,Mw,223,55,6,0.18,NCSN,71506865
2011/01/09 18:13:58.98,37.1237,-121.5255,7.50,3.06,ML,119,56,1,0.07,NCSN,71507630
2011/01/12 08:51:03.68,36.7712,-121.4963,8.04,4.50,Mw,105,35,2,0.19,NCSN,71508850
2011/01/12 08:53:04.46,36.7690,-121.4982,5.84,3.23,ML,68,36,2,0.18,NCSN,71508860
2011/01/12 09:00:56.40,36.7742,-121.5030,7.89,3.29,ML,95,36,3,0.18,NCSN,71508880
2011/01/13 03:54:34.98,36.8018,-121.5405,7.45,3.68,Mw,99,28,3,0.17,NCSN,71509330
2011/01/13 04:00:35.89,36.8028,-121.5417,7.29,3.92,Mw,119,30,3,0.18,NCSN,71509345
2011/01/17 07:10:12.73,39.8770,-120.4818,8.98,3.38,Mw,20,91,4,0.07,NCSN,71511045
2011/01/30 11:29:39.05,37.8483,-122.0323,6.27,3.04,ML,200,24,2,0.18,NCSN,71522231
2011/01/31 06:47:13.60,40.3062,-124.5475,18.68,3.20,ML,27,245,21,0.16,NCSN,71522576
2011/02/05 04:05:30.76,38.7592,-122.7048,1.00,3.00,ML,90,27,1,0.17,NCSN,71524806
2011/02/05 04:52:32.10,40.7720,-124.3340,19.10,3.04,ML,32,186,26,0.08,NCSN,71524861
2011/02/07 01:54:56.15,38.8287,-122.8005,2.67,3.25,ML,76,32,1,0.08,NCSN,71525721
2011/02/18 16:39:25.88,36.6837,-121.3095,4.49,3.19,ML,69,29,4,0.08,NCSN,71525470
2011/02/21 09:04:18.15,35.7932,-120.3442,9.74,3.19,ML,83,38,2,0.10,NCSN,71526470
2011/02/23 04:49:41.51,39.4993,-122.9488,12.75,4.29,Mw,60,48,2,0.13,NCSN,71527390
2011/02/23 04:50:14.36,39.4938,-122.9565,11.26,4.21,Mw,41,69,2,0.10,NCSN,71048354
2011/02/25 08:12:51.51,37.2880,-122.7113,5.25,3.37,ML,272,198,31,0.21,NCSN,71528410
2011/02/26 16:22:56.51,37.4990,-118.8317,8.42,3.00,Md,45,67,10,0.05,NCSN,71528995
2011/03/01 02:19:47.01,38.8153,-122.8200,2.95,4.46,Mw,76,24,1,0.08,NCSN,71530230
2011/03/03 00:29:01.07,37.3998,-118.3758,13.73,3.11,ML,43,108,6,0.06,NCSN,71531765
2011/03/03 02:58:17.22,37.3993,-118.3732,15.00,3.49,Mw,45,109,6,0.06,NCSN,71531805
2011/03/03 05:33:06.59,36.8093,-121.5402,6.42,3.41,ML,112,31,3,0.16,NCSN,71531880
2011/03/06 13:46:37.91,40.4038,-125.3630,24.73,4.54,Mw,84,241,91,0.35,NCSN,71538646
2011/03/17 02:13:56.72,40.6282,-124.7058,9.45,3.35,ML,79,238,49,0.23,NCSN,71544046
2011/03/17 15:29:27.89,38.8092,-122.7885,4.11,3.09,ML,79,19,1,0.06,NCSN,71544341
2011/03/17 17:18:30.05,36.6220,-121.2293,5.99,3.27,Mw,78,29,6,0.07,NCSN,71544411
2011/03/20 08:17:01.48,38.7867,-122.7720,0.74,3.49,ML,69,32,2,0.09,NCSN,71545401
2011/03/20 10:16:30.64,40.3913,-125.4127,20.68,3.53,ML,57,253,95,0.42,NCSN,71545466
2011/03/20 22:08:33.48,38.8360,-122.7558,1.23,3.21,ML,71,42,0,0.09,NCSN,71545631
2011/03/21 20:42:26.86,39.1217,-123.4178,5.19,3.47,Mw,81,178,14,0.17,NCSN,71546011
2011/03/24 21:20:40.01,40.0388,-120.0622,5.97,3.49,Mw,35,203,21,0.15,NCSN,71542065
2011/03/24 21:45:23.13,40.0273,-120.0710,2.66,3.22,ML,25,163,21,0.14,NCSN,71542080
2011/03/31 11:58:49.63,40.4273,-124.2182,25.75,3.60,Mw,23,165,8,0.11,NCSN,71545165
2011/04/05 11:56:50.37,36.0720,-121.6243,10.72,3.89,Mw,119,181,12,0.19,NCSN,71547875
2011/04/10 09:48:54.40,38.7615,-122.7380,1.48,3.27,ML,76,18,1,0.08,NCSN,71555521
2011/04/10 16:21:53.43,40.4567,-125.9008,21.19,3.90,Mw,49,273,137,0.27,NCSN,71555656
2011/04/18 21:57:19.12,37.6010,-122.4502,12.46,3.37,Mw,236,32,2,0.13,NCSN,71560691
2011/04/22 01:32:14.41,40.8132,-123.9553,29.72,3.25,Mw,21,144,20,0.10,NCSN,71562581
2011/04/23 19:42:57.53,38.8322,-122.7943,2.65,3.38,Mw,85,24,1,0.07,NCSN,71564061
2011/04/26 08:02:49.65,40.2305,-121.0530,2.00,3.28,Mw,45,129,25,0.14,NCSN,71565781
2011/04/26 17:43:08.35,38.8127,-122.8173,3.45,3.90,Mw,86,25,1,0.06,NCSN,71566046
2011/05/02 10:53:02.96,39.4622,-122.9373,15.86,3.40,Mw,90,35,4,0.27,NCSN,71568806
2011/05/05 19:13:49.94,39.4750,-122.9378,14.21,3.20,ML,56,35,2,0.14,NCSN,71565280
2011/05/06 09:20:21.71,38.8232,-122.7927,3.80,3.21,ML,81,27,2,0.07,NCSN,71565520
2011/05/09 14:36:47.40,38.7947,-122.7762,4.38,3.34,ML,80,25,1,0.06,NCSN,71567285
2011/05/11 08:06:26.24,37.3895,-118.6865,14.33,3.29,ML,42,52,3,0.06,NCSN,71568310
2011/05/17 15:20:06.82,39.2293,-123.1818,9.12,3.74,Mw,67,70,11,0.11,NCSN,71571370
2011/05/22 02:04:56.91,37.9802,-122.2533,9.81,3.36,Mw,182,34,3,0.19,NCSN,71573330
2011/05/28 10:39:28.39,37.2567,-121.6392,5.64,3.17,ML,147,30,3,0.09,NCSN,71576600
2011/05/28 22:55:24.90,38.7920,-122.7632,3.77,3.71,Mw,95,31,1,0.09,NCSN,71576830
2011/06/11 21:08:46.39,38.3577,-122.5663,9.53,3.11,ML,139,26,1,0.14,NCSN,71583620
2011/06/14 12:20:47.77,40.2947,-124.3777,19.80,3.69,Mw,25,243,8,0.19,NCSN,71584880
2011/06/14 19:05:28.13,36.6693,-121.2928,6.10,3.14,ML,90,39,2,0.06,NCSN,71585120
2011/06/29 11:13:30.73,38.7448,-122.7155,1.76,3.32,Mw,100,22,1,0.12,NCSN,71592270
2011/06/30 22:03:24.18,36.4593,-120.3693,8.91,3.19,ML,80,67,14,0.15,NCSN,71593265
2011/07/03 18:56:55.40,36.6365,-121.1218,11.30,3.08,ML,96,34,4,0.19,NCSN,71594680
2011/07/06 07:18:52.36,36.6652,-121.2928,7.59,3.80,Mw,88,39,2,0.06,NCSN,71596420
2011/07/06 07:19:58.25,36.6583,-121.2863,7.05,3.00,Md,46,34,1,0.14,NCSN,71052459
2011/07/14 13:18:44.37,40.3190,-125.5897,21.00,3.33,Mw,16,339,108,0.24,NCSN,71600730
2011/07/16 10:51:26.22,37.8597,-122.2568,6.15,3.28,Mw,273,12,1,0.17,NCSN,71601850
2011/07/18 16:36:47.14,36.7473,-121.3438,8.84,3.17,Mw,88,39,3,0.09,NCSN,71603080
2011/07/25 17:41:53.50,38.3175,-122.6547,6.93,3.33,ML,147,33,8,0.16,NCSN,71607280
2011/08/05 01:18:42.83,40.3980,-124.9587,8.80,3.55,Mw,86,246,53,0.23,NCSN,71613855
2011/08/09 16:28:08.09,41.5192,-120.4942,17.37,3.37,Mw,57,99,45,0.23,NCSN,71616245
2011/08/12 14:46:52.04,37.5298,-118.4445,9.06,3.21,ML,28,157,2,0.06,NCSN,71617975
2011/08/14 19:27:06.24,41.0270,-125.1662,21.00,4.10,Mw,89,230,93,0.25,NCSN,71619485
2011/08/15 08:20:27.51,36.5633,-121.1540,4.07,3.14,ML,96,29,9,0.07,NCSN,71619765
2011/08/17 09:02:51.08,38.7913,-122.7475,2.95,3.67,Mw,104,28,1,0.08,NCSN,71621065
2011/08/21 21:21:01.96,36.4375,-121.0142,7.51,3.21,ML,103,52,1,0.09,NCSN,71623620
2011/08/24 06:36:54.06,37.7438,-122.1487,8.11,3.60,Mw,287,20,2,0.17,NCSN,71625060
2011/08/24 11:59:51.29,37.5457,-118.8722,9.95,4.23,Mw,53,70,6,0.04,NCSN,71625245
2011/08/24 16:57:44.12,37.7452,-122.1510,8.65,3.38,Mw,281,20,2,0.17,NCSN,71625585
2011/08/25 18:17:35.46,36.5798,-121.1747,7.28,3.24,Mw,97,27,9,0.07,NCSN,71626465
2011/08/26 17:44:23.11,36.6007,-121.2107,8.81,3.34,ML,100,29,8,0.09,NCSN,71627270
2011/08/27 07:18:21.15,36.5843,-121.1808,7.84,4.62,Mw,98,31,9,0.08,NCSN,71627835
2011/08/27 07:21:59.97,36.6012,-121.2025,6.93,3.61,Mw,92,33,7,0.07,NCSN,71627850
2011/08/27 08:19:03.25,36.5837,-121.1797,7.10,3.18,ML,93,30,9,0.08,NCSN,71627985
2011/08/31 01:22:23.43,35.7322,-121.1108,7.16,3.56,ML,102,46,4,0.14,NCSN,71630795
2011/09/03 07:23:40.81,36.5290,-121.1155,6.07,3.11,ML,99,45,4,0.09,NCSN,71632900
2011/09/03 10:30:52.87,37.5132,-118.8073,2.32,3.27,ML,43,61,8,0.08,NCSN,71632975
2011/09/13 12:27:13.81,35.7305,-121.1092,8.03,3.56,Mw,95,44,4,0.13,NCSN,71645681
2011/09/17 20:14:56.34,38.8258,-122.8037,3.79,3.38,Mw,89,30,1,0.07,NCSN,71648616
2011/09/26 03:08:09.60,37.7507,-122.1505,7.93,3.24,Mw,256,20,3,0.14,NCSN,71653461
2011/09/26 09:01:23.33,38.6032,-122.3892,7.47,3.43,Mw,146,74,5,0.17,NCSN,71653621
2011/09/29 23:47:54.15,37.7787,-122.2115,14.64,3.08,ML,233,14,3,0.16,NCSN,71655651
2011/09/30 11:56:22.72,37.6422,-119.4160,2.13,3.24,ML,75,40,30,0.13,NCSN,71655946
2011/10/15 11:42:29.87,37.9068,-118.5632,9.45,4.03,Mw,45,137,1,0.08,NCSN,71664296
2011/10/19 23:36:12.17,37.5402,-118.8650,9.36,3.21,ML,50,70,6,0.06,NCSN,71666771
2011/10/20 21:41:04.26,37.8570,-122.2527,8.07,3.95,Mw,325,14,1,0.17,NCSN,71667366
2011/10/21 03:16:05.26,37.8608,-122.2567,8.02,3.84,Mw,344,14,0,0.17,NCSN,71667591
2011/10/26 22:44:21.03,37.8538,-121.8915,8.92,3.00,ML,133,35,7,0.17,NCSN,71670931
2011/10/27 06:37:09.34,39.6055,-120.4715,13.89,4.73,Mw,33,56,2,0.07,NCSN,71671056
2011/10/27 12:36:44.46,37.8667,-122.2605,8.17,3.62,Mw,297,13,1,0.17,NCSN,71671256
2011/10/30 13:25:19.80,39.6062,-120.4770,14.36,3.80,Mw,23,77,3,0.08,NCSN,71672996
2011/10/30 13:26:43.85,35.9403,-120.0328,8.35,3.45,Mw,86,144,11,0.25,NCSN,71673001
2011/11/02 07:21:06.04,40.4108,-126.2153,9.78,3.94,Mw,38,285,159,0.23,NCSN,71674491
2011/11/05 21:52:18.50,37.8460,-122.2407,5.95,3.11,ML,175,20,2,0.17,NCSN,71676251
2011/11/08 19:32:44.28,38.8185,-122.7862,2.44,3.04,ML,37,41,1,0.06,NCSN,71057809
2011/11/14 22:33:33.44,37.4873,-118.8382,4.52,3.48,ML,51,75,11,0.07,NCSN,71681266
2011/11/17 03:13:22.11,40.4270,-125.2117,23.76,3.15,ML,65,243,74,0.26,NCSN,71682661
2011/11/21 09:38:11.52,38.5437,-119.5075,6.02,3.14,ML,20,117,8,0.05,NCSN,71684766
2011/11/21 09:39:03.79,38.5370,-119.5057,7.51,3.49,Mw,21,104,4,0.03,NCSN,71684771
2011/12/08 05:19:12.10,40.4148,-125.5872,14.00,4.02,Mw,64,249,106,0.27,NCSN,71693701
2011/12/08 09:57:54.22,38.8012,-122.8147,3.59,3.26,ML,89,21,2,0.06,NCSN,71693786
2011/12/08 17:16:14.72,40.4552,-124.3312,24.84,3.03,ML,27,172,2,0.11,NCSN,71689070
2011/12/20 05:06:37.04,36.5608,-121.1277,4.57,3.00,ML,90,33,6,0.10,NCSN,71696355
2011/12/23 05:30:29.85,39.4123,-120.1237,0.36,3.05,ML,35,66,10,0.09,NCSN,71698320
